{"cameraMode":{"drawMode":0,"name":"Shaded","section":"Shading Mode"},"sceneLighting":true,"audioPlay":false,"sceneViewState":{"showFog":true,"showMaterialUpdate":false,"showSkybox":true,"showFlares":true,"showImageEffects":true,"showParticleSystems":true},"in2DMode":false,"pivot":{"x":-2.167961835861206,"y":-82.93704986572266,"z":73.36853790283203},"rotation":{"x":-0.3748593032360077,"y":0.017235830426216127,"z":-0.006985645275563002,"w":-0.9269107580184937},"size":81.39410400390625,"orthographic":false}