{"cameraMode":{"drawMode":0,"name":"Shaded","section":"Shading Mode"},"sceneLighting":true,"audioPlay":false,"sceneViewState":{"showFog":true,"showMaterialUpdate":false,"showSkybox":true,"showFlares":true,"showImageEffects":true,"showParticleSystems":true},"in2DMode":false,"pivot":{"x":-6.288700580596924,"y":-67.29875946044922,"z":92.27412414550781},"rotation":{"x":-0.2929181456565857,"y":0.014916983433067799,"z":-0.004564921371638775,"w":-0.9560317397117615},"size":81.39410400390625,"orthographic":false}